{"cameraMode":{"drawMode":0,"name":"Shaded","section":"Shading Mode"},"sceneLighting":false,"audioPlay":false,"sceneViewState":{"m_AlwaysRefresh":false,"showFog":true,"showSkybox":false,"showFlares":true,"showImageEffects":true,"showParticleSystems":true,"showVisualEffectGraphs":true,"m_FxEnabled":true},"in2DMode":false,"pivot":{"x":-0.048314690589904788,"y":1.6348040103912354,"z":-2.848301410675049},"rotation":{"x":0.07525105029344559,"y":0.6474124789237976,"z":-0.06455525010824204,"w":0.7558059096336365},"size":2.85831880569458,"orthographic":true}