{"cameraMode":{"drawMode":0,"name":"Shaded","section":"Shading Mode"},"sceneLighting":true,"audioPlay":false,"sceneViewState":{"m_AlwaysRefresh":false,"showFog":true,"showSkybox":true,"showFlares":true,"showImageEffects":true,"showParticleSystems":true,"showVisualEffectGraphs":true,"m_FxEnabled":true},"in2DMode":false,"pivot":{"x":7.778071880340576,"y":-1.8839737176895142,"z":-125.33554077148438},"rotation":{"x":0.016279274597764016,"y":0.7180725932121277,"z":-0.01680651120841503,"w":0.6955912709236145},"size":4.599351406097412,"orthographic":true}