{"cameraMode":{"drawMode":0,"name":"Shaded","section":"Shading Mode"},"sceneLighting":true,"audioPlay":false,"sceneViewState":{"m_AlwaysRefresh":false,"showFog":true,"showSkybox":true,"showFlares":true,"showImageEffects":true,"showParticleSystems":true,"showVisualEffectGraphs":true,"m_FxEnabled":true},"in2DMode":false,"pivot":{"x":-19.604583740234376,"y":-15.937110900878907,"z":-101.80050659179688},"rotation":{"x":0.1140875294804573,"y":-0.4629678726196289,"z":0.06010020896792412,"w":0.8770363926887512},"size":25.367265701293947,"orthographic":true}