{"cameraMode":{"drawMode":0,"name":"Shaded","section":"Shading Mode"},"sceneLighting":true,"audioPlay":false,"sceneViewState":{"m_AlwaysRefresh":false,"showFog":true,"showSkybox":true,"showFlares":true,"showImageEffects":true,"showParticleSystems":true,"showVisualEffectGraphs":true,"m_FxEnabled":true},"in2DMode":false,"pivot":{"x":4.057487964630127,"y":2.6836085319519045,"z":-122.45501708984375},"rotation":{"x":0.030439812690019609,"y":-0.6588441729545593,"z":0.026697784662246705,"w":0.7511891722679138},"size":1.2570686340332032,"orthographic":false}