{"cameraMode":{"drawMode":0,"name":"Shaded","section":"Shading Mode"},"sceneLighting":true,"audioPlay":false,"sceneViewState":{"m_AlwaysRefresh":false,"showFog":true,"showSkybox":true,"showFlares":true,"showImageEffects":true,"showParticleSystems":true,"showVisualEffectGraphs":true,"m_FxEnabled":true},"in2DMode":false,"pivot":{"x":-0.21021616458892823,"y":1.1318345069885255,"z":-120.34574890136719},"rotation":{"x":0.3172881603240967,"y":0.12497193366289139,"z":-0.04231390729546547,"w":0.9392095804214478},"size":6.591207981109619,"orthographic":true}