{"cameraMode":{"drawMode":0,"name":"Shaded","section":"Shading Mode"},"sceneLighting":true,"audioPlay":false,"sceneViewState":{"m_AlwaysRefresh":false,"showFog":true,"showSkybox":true,"showFlares":true,"showImageEffects":true,"showParticleSystems":true,"showVisualEffectGraphs":true,"m_FxEnabled":true},"in2DMode":false,"pivot":{"x":7.694883346557617,"y":6.4767961502075199,"z":-124.04771423339844},"rotation":{"x":0.019613374024629594,"y":0.9679688215255737,"z":-0.08003877103328705,"w":0.23718197643756867},"size":12.12435531616211,"orthographic":true}