{"cameraMode":{"drawMode":0,"name":"Shaded","section":"Shading Mode"},"sceneLighting":false,"audioPlay":false,"sceneViewState":{"m_AlwaysRefresh":false,"showFog":true,"showSkybox":false,"showFlares":true,"showImageEffects":true,"showParticleSystems":true,"showVisualEffectGraphs":true,"m_FxEnabled":true},"in2DMode":false,"pivot":{"x":0.008123397827148438,"y":1.0240018367767335,"z":-0.00038242340087890625},"rotation":{"x":0.030262187123298646,"y":-0.05214962735772133,"z":0.0014739716425538064,"w":0.9982873797416687},"size":1.7577178478240967,"orthographic":true}