{"cameraMode":{"drawMode":0,"name":"Shaded","section":"Shading Mode"},"sceneLighting":false,"audioPlay":false,"sceneViewState":{"m_AlwaysRefresh":false,"showFog":true,"showSkybox":false,"showFlares":true,"showImageEffects":true,"showParticleSystems":true,"showVisualEffectGraphs":true,"m_FxEnabled":true},"in2DMode":false,"pivot":{"x":-2.3604795932769777,"y":1.0589630603790284,"z":3.3424668312072756},"rotation":{"x":0.19204890727996827,"y":-0.16953881084918977,"z":0.03359145298600197,"w":0.9661600589752197},"size":1.8489640951156617,"orthographic":true}