{"cameraMode":{"drawMode":0,"name":"Shaded","section":"Shading Mode"},"sceneLighting":false,"audioPlay":false,"sceneViewState":{"m_AlwaysRefresh":false,"showFog":true,"showSkybox":false,"showFlares":true,"showImageEffects":true,"showParticleSystems":true,"showVisualEffectGraphs":true,"m_FxEnabled":true},"in2DMode":false,"pivot":{"x":-2.3604795932769777,"y":1.0589630603790284,"z":3.3424668312072756},"rotation":{"x":0.23055820167064668,"y":-0.03766416385769844,"z":0.008819789625704289,"w":0.9723987579345703},"size":1.8489640951156617,"orthographic":true}